type,saida-uf,saida-morro,saida-sp,factor
bus,0.0040032076984763435,0.003739871505038028,0.0033271891926566627,0.5
car,0.11301948308727268,0.10648920653068562,0.06828461299905371,0.5
bus,0.0059629155384808745,0.006845102292918581,0.004438964781730823,1.0
car,0.22434059776621337,0.20695486265771437,0.13565110435564606,1.0
bus,0.006581925500859381,0.007338311470847032,0.0033133769485745603,1.5
car,0.285398523004098,0.19866558450733737,0.11382532759669002,1.5
